Thu Jun 30 01:22:06 2005                                       gordonr

Mezzanine auto-imported e-smith-email from e-smith-email-4.15.2-20.src.rpm.
----------------------------------------------------------------------
Thu Jun 30 01:27:50 2005                                       gordonr

French L10

----------------------------------------------------------------------
Thu Jun 30 02:41:43 2005                                       gordonr

Fr L10N

----------------------------------------------------------------------
Thu Jun 30 02:42:18 2005                                       gordonr

Fr L10N

----------------------------------------------------------------------
Thu Jun 30 02:42:51 2005                                       gordonr

Trying to get mailouts right

----------------------------------------------------------------------
Thu Jul 14 01:49:57 2005                       Gordon Rowell (gordonr)

Merge of e-smith-email-4.15.2-21 

----------------------------------------------------------------------
Thu Jul 14 02:03:57 2005                       Gordon Rowell (gordonr)

Another put

----------------------------------------------------------------------
Thu Jul 14 02:12:01 2005                       Gordon Rowell (gordonr)

Configure mutt for IMAP

----------------------------------------------------------------------
Fri Jul 15 20:08:24 2005                       Gordon Rowell (gordonr)

Configure Mutt IMAP folder path

----------------------------------------------------------------------
Sat Jul 16 09:13:54 2005                           Shad Lords (slords)

Sync up with e-smith-email-4.15.2-22

----------------------------------------------------------------------
Sun Jul 17 09:57:18 2005                           Shad Lords (slords)

Fix checkpassword path
Fix braces for Muttrc template

----------------------------------------------------------------------
Mon Jul 18 00:11:40 2005                           Shad Lords (slords)

Prep for db move

----------------------------------------------------------------------
Mon Jul 18 13:49:20 2005                           Shad Lords (slords)

Remove readonly so event works

----------------------------------------------------------------------
Mon Jul 18 21:43:20 2005                           Shad Lords (slords)

Sync with mitel version

----------------------------------------------------------------------
Tue Jul 26 09:22:18 2005                           Shad Lords (slords)

Sync with mitel

----------------------------------------------------------------------
Wed Jul 27 01:16:52 2005                       Gordon Rowell (gordonr)

Remove 30 (28) group limit

----------------------------------------------------------------------
Thu Jul 28 12:35:33 2005                           Shad Lords (slords)

- Add TCPProxyPort to specify which port to proxy [SF: 1246986]


----------------------------------------------------------------------
Tue Aug  2 18:47:36 2005                           Shad Lords (slords)

Sync with mitel

----------------------------------------------------------------------
Wed Aug 10 14:05:59 2005                           Shad Lords (slords)

Sync with mitel

----------------------------------------------------------------------
Wed Aug 10 15:40:37 2005                           Shad Lords (slords)

- Remove last qmail stuff [SF: 1255261]
- Break out pop3 into its own package [SF: 1256055]
- Rename popd service to pop3 [SF: 1256055]
- Include imap database stuff [SF: 1256055]


----------------------------------------------------------------------
Wed Aug 10 17:35:49 2005                           Shad Lords (slords)

Move relocate imap folders back to e-smith-imap

----------------------------------------------------------------------
Fri Aug 12 13:48:24 2005                           Shad Lords (slords)

Merge with mitel

----------------------------------------------------------------------
Tue Aug 23 15:28:27 2005                           Shad Lords (slords)

Sync with mitel

----------------------------------------------------------------------
Wed Aug 24 20:00:07 2005                           Shad Lords (slords)

Sync with mitel

----------------------------------------------------------------------
Sat Sep  3 11:48:17 2005                           Shad Lords (slords)

Sync with mitel

----------------------------------------------------------------------
Thu Sep  8 08:32:54 2005                           Shad Lords (slords)

Sync with mitel

----------------------------------------------------------------------
Mon Sep 12 22:09:43 2005                       Gordon Rowell (gordonr)

Add panel widgets for ISP SMTP AUTH

----------------------------------------------------------------------
Wed Sep 14 20:18:55 2005                           Shad Lords (slords)

Sync with mitel

----------------------------------------------------------------------
Wed Nov 30 14:53:10 2005                       Gordon Rowell (gordonr)

Auto-commit
----------------------------------------------------------------------
Wed Jan  4 15:11:10 2006                       Gordon Rowell (gordonr)

Auto-commit
----------------------------------------------------------------------
Sat Jan  7 00:47:40 2006                       Gordon Rowell (gordonr)

Auto-commit
----------------------------------------------------------------------
Sat Jan  7 01:04:50 2006                       Gordon Rowell (gordonr)

Auto-commit
----------------------------------------------------------------------
Wed Jan 25 14:14:23 2006                       Gordon Rowell (gordonr)

Auto-commit
----------------------------------------------------------------------
Wed Jan 25 14:49:48 2006                       Gordon Rowell (gordonr)

Auto-commit
----------------------------------------------------------------------
Sat Jan 28 09:16:07 2006                        Gavin Weight (gweight)

Auto-commit
----------------------------------------------------------------------
Thu Feb  2 05:13:16 2006                        Gavin Weight (gweight)

Auto-commit
----------------------------------------------------------------------
Thu Feb  2 09:51:20 2006                        Gavin Weight (gweight)

Auto-commit
----------------------------------------------------------------------
Sat Feb  4 23:53:19 2006                        Gavin Weight (gweight)

Auto-commit
----------------------------------------------------------------------
Mon Feb  6 04:19:40 2006                        Gavin Weight (gweight)

Auto-commit
----------------------------------------------------------------------
Thu Feb  9 08:18:51 2006                        Gavin Weight (gweight)

Auto-commit
----------------------------------------------------------------------
Thu Feb 16 21:51:48 2006                      Charlie Brady (charlieb)

See changelog
----------------------------------------------------------------------
Fri Feb 17 17:24:32 2006                       Gordon Rowell (gordonr)

See changelog
----------------------------------------------------------------------
Wed Feb 22 20:55:10 2006                      Charlie Brady (charlieb)

See changelog
----------------------------------------------------------------------
Tue Feb 28 09:11:51 2006                        Gavin Weight (gweight)

See changelog
----------------------------------------------------------------------
Mon Mar 13 18:39:11 2006                       Gordon Rowell (gordonr)

See changelog
----------------------------------------------------------------------
Mon Mar 13 18:46:48 2006                       Gordon Rowell (gordonr)

See changelog
----------------------------------------------------------------------
Mon Mar 13 19:01:55 2006                       Gordon Rowell (gordonr)

See changelog
----------------------------------------------------------------------
Tue Mar 14 14:47:29 2006                        Charlie Brady (bradyc)

See changelog
----------------------------------------------------------------------
Tue Mar 14 14:48:25 2006                        Charlie Brady (bradyc)

Rename spec file to be version independent
----------------------------------------------------------------------
Thu Mar 16 12:52:46 2006                       Gordon Rowell (gordonr)

See changelog
----------------------------------------------------------------------
Wed Apr  5 14:52:02 2006                       Gordon Rowell (gordonr)

See changelog
----------------------------------------------------------------------
Tue May  2 14:21:25 2006                        Charlie Brady (bradyc)

See changelog
----------------------------------------------------------------------
Mon May 15 18:22:59 2006                       Gordon Rowell (gordonr)

See changelog
----------------------------------------------------------------------
Mon May 15 18:37:43 2006                       Gordon Rowell (gordonr)

See changelog
----------------------------------------------------------------------
Mon May 15 18:49:31 2006                       Gordon Rowell (gordonr)

See changelog
----------------------------------------------------------------------
Sat Jun 17 07:23:23 2006                        Gavin Weight (gweight)

See changelog
----------------------------------------------------------------------
Wed Jun 21 19:49:10 2006                       Gordon Rowell (gordonr)

See changelog
----------------------------------------------------------------------
Wed Sep 20 08:13:21 2006                        Gavin Weight (gweight)

See changelog
----------------------------------------------------------------------
Wed Sep 27 07:14:24 2006                        Gavin Weight (gweight)

See changelog
----------------------------------------------------------------------
Thu Nov  9 09:27:07 2006                        Gavin Weight (gweight)

See changelog
----------------------------------------------------------------------
Thu Dec 14 05:01:28 2006                                     fcarletti

See changelog
----------------------------------------------------------------------
Tue Dec 26 15:19:36 2006                                        slords

See changelog
----------------------------------------------------------------------
Sat Jan 13 08:29:58 2007                                       gweight

See changelog
----------------------------------------------------------------------
Sun Jan 14 09:39:14 2007                                        slords

See changelog
----------------------------------------------------------------------
Sun Jan 14 20:43:19 2007                                        slords

See changelog
----------------------------------------------------------------------
Mon Jan 22 09:33:01 2007                                        slords

See changelog
----------------------------------------------------------------------
Wed Jan 24 07:01:22 2007                                     fcarletti

See ChangeLog
----------------------------------------------------------------------
Fri Jan 26 12:53:13 2007                                        slords

See changelog
----------------------------------------------------------------------
Sat May  5 00:27:59 2007                                        slords

Koji/plague base update
----------------------------------------------------------------------
Mon Jun 11 12:09:34 2007                                        slords

See changelog
----------------------------------------------------------------------
Mon Jun 11 12:28:02 2007                                        slords

See changelog
----------------------------------------------------------------------
Tue Jun 12 12:03:37 2007                                        slords

See changelog
----------------------------------------------------------------------
Mon Jun 25 17:14:15 2007                        Charlie Brady (bradyc)

See changelog
----------------------------------------------------------------------
Wed Dec 26 15:44:46 2007                      Charlie Brady (charlieb)

See changelog
----------------------------------------------------------------------
Wed Dec 26 16:07:25 2007                      Charlie Brady (charlieb)

See changelog
----------------------------------------------------------------------
Wed Jan  9 14:36:43 2008                       Stephen Noble (stephen)

See changelog
----------------------------------------------------------------------
Wed Jan  9 14:37:25 2008                       Stephen Noble (stephen)

add patch
----------------------------------------------------------------------
Wed Jan  9 14:38:38 2008                       Stephen Noble (stephen)

Add patch
----------------------------------------------------------------------
Sun Feb 10 10:40:51 2008                       Stephen Noble (stephen)

See changelog
----------------------------------------------------------------------
